cc_dnssec,asn,name,dnssec_validates,uses_google_pdns,samples
ZA,10474,OPTINET,0.9195,0.1123,14283
ZA,10798,SBICSA,0,0,69
ZA,10803,EAST-COAST-ACCESS,0,0,16
ZA,11157,ELAB,0,0,1
AO,11259,ANGOLATELECOM,0.0804,0.9346,1467
ZA,11845,Vox-Telecom,0.2064,0.3088,5794
ZA,12091,MTNNS-1,0,0,44
TZ,12143,RAHA,0.1014,0.2872,2051
ZA,12258,OPTINET,0,0,5
KE,12455,JAMBONET,0.0441,0.4666,23508
CD,12491,IPPLANET-AS,0,0,19
ZM,12491,IPPLANET-AS,0,0,19
UG,12491,IPPLANET-AS,0.6066,0.9164,933
NG,12491,IPPLANET-AS,0.0055,0.0476,546
GA,12491,IPPLANET-AS,0,0,18
KE,12556,internet-solutions-ke,0.0894,0.4073,1063
UG,12556,internet-solutions-ke,0,0,10
KE,12684,SES-LUX-AS,0.8239,0.507,142
GA,12684,SES-LUX-AS,0,0,2
ZA,12701,BARCAP London,0,0,16
CD,13126,SMS-UK-NET,0,0,11
KE,13126,SMS-UK-NET,0,0,17
TZ,13126,SMS-UK-NET,0,0,3
ZA,131284,ETISALATAFG-AS-AP Etisalat Afghan,0.2264,0.3247,4493
KE,13224,NAIROBINET,0,0,49
ZA,132839,"POWERLINE-AS-AP POWER LINE (HK) CO., LIMITED",0,0,48
BW,14988,BTC-GATE1,0.0457,0.1317,14733
ZA,15022,ADEPT-,0.6581,0.8376,117
KE,15399,WANANCHI-,0.9526,0.1874,40089
EG,15475,NOL,0.1064,0.2553,94
RE,15557,LDCOMNET,0,0,0
SD,15706,Sudatel,0.0288,0.0715,109967
EG,15804,UNSPECIFIED,0.4351,0.7789,285
KE,15808,ACCESSKENYA-KE ACCESSKENYA GROUP LTD is an ISP serving,0.1461,0.4251,6058
GH,15825,GDC-ASN,0,0,5
CM,15964,CAMNET-AS,0.469,0.5553,13945
GA,16058,Gabon-Telecom,0.0271,0.1025,28331
MA,16206,ABRARED (NEUTRA NETWORK SERVICES),0,0,24
DZ,16214,CERIST,0,0,54
NG,16284,UNSPECIFIED,0.0895,0.3402,8013
ZA,16637,MTNNS-AS,0.0122,0.018,19249
BW,16637,MTNNS-AS,0.2221,0.1737,662
NA,16637,MTNNS-AS,0.3832,0.595,321
ZA,17148,FIRST-NATIONAL,0,0.1045,287
AO,17400,MSTELCOM,0.128,0.531,1047
ZA,18931,SAINTERNET1,0.2093,0.5233,86
ZA,19711,SWAZINET,0,0,1
SZ,19711,SWAZINET,0.3417,0.6569,2751
TZ,198247,AD1,0,0,30
ZA,19832,Finance-trust-Bank,0,0,11
TZ,198381,ES1,0,0,2
SS,198381,ES1,0,0,39
UG,198381,ES1,0,0,12
AO,198381,ES1,0,0.0392,51
KE,198394,GR1,0,0,22
TZ,198394,GR1,0,0,1
UG,198394,GR1,0.0098,0.2647,102
AO,198394,GR1,0,0,6
NG,198394,GR1,0,0.0966,145
DZ,198435,EDXNETWORK,0,0,0
ZA,198504,LU1,0,0,34
SS,198504,LU1,0,0,7
NG,198504,LU1,0.0052,0.0623,385
RE,199140,ORE-AS,0.001,0.0086,2102
ZA,2,UDEL-DCN - University of Delaware,0,0,17
ZA,2018,TENET-1,0.1164,0.1186,5723
SN,201935,SKLMED-AS,0,0,0
GA,201935,SKLMED-AS,0,0,42
UG,20294,MTN-,0.0077,0.0234,39075
KE,204043,INTERSAT,0.4739,0.4739,230
SD,204043,INTERSAT,0.9185,1,135
ZA,204170,AWASR,0.9652,0.0736,3711
EG,20484,YallaOnline,0.5922,0.7803,1393
MA,205897,HOSTOWEB,0,0,1
NG,20598,CYBERSPACE-AS Autonomous System number for Cyber Space,0.3615,0.6913,2047
EG,20928,NOOR-AS,0.2965,0.4245,25163
LY,21003,GPTC-AS,0.1844,0.0748,149202
MG,21042,GULFSAT-AS Gulfsat Autonomous System,0.5244,0.0837,4874
RW,21174,"RWANDATEL-AS Autonomous System Number for RWANDATEL, Rwanda",0.5242,0.5565,124
MU,21174,"RWANDATEL-AS Autonomous System Number for RWANDATEL, Rwanda",0.0192,0.4231,52
ML,21271,SOTELMABGP,0.0228,0.046,17841
RE,21351,CANALPLUSTELECOM,0.0277,0.0456,3070
DZ,21391,TDA-AS,0.4428,0.3778,2554
ZA,21433,ACCENTUREFSSC London DC,0,0,2
MU,21433,ACCENTUREFSSC London DC,0,0,18
UG,21491,UGANDA-TELECOM Uganda Telecom,0.1972,0.19,1405
ZA,22351,INTELSAT-1 - INTELSAT GLOBAL SERVICE CORPORATION,0.3824,0.8811,782
CD,22351,INTELSAT-1 - INTELSAT GLOBAL SERVICE CORPORATION,0.24,0.632,125
ZM,22351,INTELSAT-1 - INTELSAT GLOBAL SERVICE CORPORATION,0,0,11
CF,22351,INTELSAT-1 - INTELSAT GLOBAL SERVICE CORPORATION,0.0247,0.0494,81
TZ,22354,UNIV-DAR,0.2323,0.3548,155
ZA,22355,FROGFOOT,0,0,27
EG,22363,"PHMGMT-AS1 - Powerhouse Management, Inc.",0,0,4
DZ,22363,"PHMGMT-AS1 - Powerhouse Management, Inc.",0,0,15
ZA,22386,SARB,0,0,47
ZA,22572,INFOSAT-IP,0,0,6
RW,22690,AxiomNET-AS,0.3186,0.9145,725
ZA,22750,BCSNET,0.3895,0.8,95
ZA,23058,DHN-BGP-AS2002,0.0661,0.0661,121
ZA,23889,MauritiusTelecom,0,0,1
MU,23889,MauritiusTelecom,0.0229,0.0536,105561
TG,24691,"TOGOTEL-AS TogoTelecom, Togo",0.37,0.353,35339
RE,2470,FR-LAREUNION Ile de la Reunion Departement dOutre-Mer,0,0,14
ET,24757,EthioNet-AS,0.1003,0.2876,102998
EG,24835,RAYA-AS,0.0758,0.1125,183678
EG,24863,LINKdotNET-AS,0.0162,0.025,221957
MZ,25139,TVCABO-AS,0.8738,0.1728,7425
NG,25163,NG-NIGERIA-AS,0.266,0.2462,2417
GM,25250,GAMTEL-AS,0.8877,0.6021,8930
EG,25364,EgyptCyberCenter-AS,0,0,11
BI,25429,"CBI-AS CBINET, Bujumbura, Burundi.",0.1474,0.5474,380
BF,25543,FasoNet-AS,0.3855,0.719,2669
KE,25568,KENYAWEB,0,0.0588,68
EG,25576,AFMIC,0.7449,0.3747,2023
ZA,25605,SCANSAFE - SCANSAFE SERVICES LLC,0.375,0.5859,128
EG,2561,EUN,0.2318,0.5148,2597
LS,25695,LEO,0.3448,0.5632,87
ZA,25818,CMCNETWORKS,0.0859,0.1094,128
TN,2609,TN-BB-AS Tunisia BackBone AS,0.1914,0.5123,200366
ZA,26106,ALTONET-,0,0,7
NE,26130,LIPTINFOR-AS,0.1506,0.1892,259
ZA,26422,ABOUTIT-ONLINE,0,0,3
ZA,26754,SPIDD-AFRICA,0,0,13
ZA,2686,"ATGS-MMD-AS - ATT Global Network Services, LLC",0,0,7
ZA,27435,"OPSOURCE-INC - Dimension Data Cloud Solutions, Inc.",0,0,2
BJ,28683,BENINTELECOM,0.7912,0.9326,6202
ZA,28698,UUNETZM-AS,0.3711,0.8329,353
BW,28698,UUNETZM-AS,0.0318,0.2918,377
ZM,28698,UUNETZM-AS,0,0,20
UG,29032,DATANET-UG DATANET LLC,0.75,0.6908,152
UG,29039,AFRICAONLINE-UG Africa Online Uganda,0.4447,0.7452,416
NG,29091,IPNXng,0.0696,0.213,13135
EG,29256,INT-PDN-STE-AS STE PDN Internal AS,0.0377,0.7872,2575
LY,29286,SKYLOGIC-AS,0.0081,0.0114,1231
MA,29286,SKYLOGIC-AS,0,0,26
UG,29286,SKYLOGIC-AS,0,0,3
NG,29286,SKYLOGIC-AS,0.0848,0.1361,507
GH,29340,AFOL-,0.426,0.4834,453
NG,29465,VCG-AS,0.0116,0.4733,297381
MR,29544,MAURITEL,0.11,0.3513,30792
CI,29571,ORANGE-COTE-IVOIRE,0.0466,0.1036,63317
ZA,29606,BORWOOD-UK-AS Borwood UK Network,0,0,23
GH,29614,GHANATEL-AS,0.9363,0.8763,204719
GH,29674,GSTA-AS,0.239,0.4472,615
ZA,29918,IMPOL-ASN,0.0116,0.4302,86
ZA,29975,VODACOM-,0.0034,0.0063,15800
LS,3,MIT-GATEWAYS - Massachusetts Institute of Technology,0,0,0
MZ,30619,TDM-AS,0.0716,0.192,1635
ZA,3067,DENINF-IPLAN,0.1552,0.3621,58
ZA,30844,LIQUID-AS,0.0286,0.1806,803
KE,30844,LIQUID-AS,0.3752,0.5119,4075
BW,30844,LIQUID-AS,0,0,46
ZM,30844,LIQUID-AS,0.1206,0.293,4369
MU,30844,LIQUID-AS,0.199,0.36,4955
ZW,30844,LIQUID-AS,0.0711,0.2999,8075
ZA,30969,ZOL-AS,0.0333,0.1153,720
ZW,30969,ZOL-AS,0.0592,0.1539,29212
TG,30982,CAFENET,0.6278,0.7742,3498
MA,30983,MARWAN-AS,0.4206,0.6018,1203
NG,30984,Metrong-AS,0,0,4
ML,30985,IKATELNET,0.013,0.0436,39674
GH,30986,SCANCOM,0.0304,0.0136,329943
ER,30987,ERITEL-AS,0.4519,0.8444,135
GH,30988,ISInternetSolutions,0.3899,0.7782,577
NG,30988,ISInternetSolutions,0.0831,0.4307,3334
DJ,30990,ADJIB-AS,0.8275,0.6628,16920
CM,30992,MTN-NS-CAMEROON,0.0117,0.0284,62637
EG,30993,Egypt-Centers,0.2902,0.5576,2509
KE,30994,Galileo-Kenya,0.0606,0.899,99
EG,30995,CIBEG-AS,0,0.0189,53
NG,30998,NAL-AS,0.2977,0.5838,2422
MU,30999,EMTEL-AS-AP,0.0139,0.0439,19917
EG,31065,MCIT,0.1985,0.6603,262
GA,31167,AXIONE-AS,0,0,48
EG,31619,CITYSTARS-AS,0.0164,0.0656,244
TZ,31810,AOTL-AS,0,0,9
ZW,31856,CABS,0.1157,0.2226,1478
MZ,31960,EMUNET,0.8087,0.7391,115
MZ,32017,SATCOM-MOZ,0.58,0.34,50
DZ,3208,ARN,0.3432,0.5079,1591
RE,3215,3215,0.0404,0.0439,9377
YT,3215,3215,0.0231,0.0247,1296
MU,3223,VOXILITY,0,0,2
ET,3223,VOXILITY,0,0,0
DZ,3223,VOXILITY,0,0,2
AO,3223,VOXILITY,0,0,6
SZ,32398,REALNET-ASN-1,0.2152,0.7975,79
ZA,32437,CYBERTEK-,0,0,39
ZA,32653,ENETWORKS,0.1731,0.3251,283
AO,32717,N-SNETANGOLA,0,0,45
UG,327687,RENU,0.2231,0.2465,1708
AO,327691,BPA,0,0,18
TZ,327692,SMILECOMMS,0.0925,0.0816,2011
ZA,327693,ECHO-SP,0.2936,0.6239,218
NA,327694,NAMPOWER,0,0,12
GH,327695,AITI,0,0,1
RE,327697,TELCO-OI-AS,0.9812,0.1164,1280
MZ,327700,MoRENet,0.5324,0.8635,293
NG,327705,FUTA,0.2949,0.7179,78
TZ,327706,Power-and-Network-Backup,0.9668,0.9793,241
RW,327707,AIRTEL-,0.9404,0.2164,10211
CD,327707,AIRTEL-,0.0517,0.0761,1682
DZ,327712,ATM,0.0323,0.3484,748481
TZ,327714,ComNet-,0.7176,0.9516,517
ZA,327715,XPRESSNET-AS,0.8057,0.5829,211
BW,327716,Microteck-AS,0.0854,0.1543,363
UG,327717,SureTelecom-UG-AS,0.5997,0.9457,737
BI,327720,LACELL-SU,0.013,0.0763,1311
ML,327722,COMSATES,0,0,2
NG,327723,First-Wave-Networks,0,0,8
UG,327724,NITA,0.684,0.455,1310
ZA,327726,Newtelco,0.2712,0.1864,59
UG,327727,C-SQUARED,0,0,5
TZ,327728,CTV,0,0,21
TZ,327730,PPF,0,0,3
SO,327732,DALKOM-SOMALIA,0,0,0
ZA,327733,SAICOM,0.5606,0.6515,66
ZA,327737,CSBT,0,0,20
CD,327738,AFRICELL-DRC,0.9498,0.992,3863
CM,327741,INFOGENIE-AS,0,0,25
SO,327742,SOMALI-WIRELESS,0.3093,0.5868,1694
ZA,327745,WIFIBRE,0,0,44
CI,327746,NSIA,0.6527,0.749,239
ZA,327749,Digi-Outsource,0,0,1
ZA,327750,JENNY-INTERNET,0.0729,0.1949,590
ZA,327751,LANDYNAMIX,0,0,36
ZA,327754,RMS-Powertronics,0.1652,0.2232,224
BW,327757,ICT-DYNAMIX,0.9346,0.9907,107
MZ,327759,SGS-MCNET,0,0,1
BW,327760,ELECTRO-METIC,0.5432,0.8272,81
ZA,327761,Access-Point-Technologies,0.9634,0.5,82
NG,327763,Bowen-University,0.02,0.62,50
SO,327764,SomaliREN,0.5872,0.9725,109
SZ,327765,SwaziMTN-Ltd,0.0177,0.0843,1733
KE,327766,TECHPITCH-LTDKENYA,0,0,13
ZA,327767,ULTIMATE-LINUX,0,0,8
SO,327768,SOMCAST-NETWORKS,0.2705,0.6922,2248
GW,327769,MTN-Bissau,0.0164,0.0844,3295
ZW,327770,Telecel,0.006,0.0098,1324
TZ,327771,MILAN-CABLE,0.1321,0.7925,53
ZA,327772,FULLOUTPUT-1086cc,0,0,5
CI,327773,WEBB-FONTAINE,0.7037,0,54
TZ,327774,TANZANIA-POSTAL-BANK,0,0,4
BW,327776,Stature-PTY-LTD,0.0712,0.1269,1348
ZA,327777,LIQUIDCLOUD,0,0,21
ZA,327781,VANGIBUZZ,0.1757,0.1959,296
ZA,327782,METROFIBRE-NETWORX,0.8289,0.4502,1204
UG,327783,SMILE-COMMUNICATION,0.2763,0.9805,257
NG,327784,FIDELITY-BANK,0.0109,0.3443,183
SS,327786,TELECOM-4G,0.2402,0.6592,179
ZA,327787,AMPATH,0,0,17
ZA,327791,Centracom,0,0,33
TZ,327792,CSS-net,0.1235,0.9882,170
KE,327793,WORLD-VISION,0,0,9
ZA,327794,CLEAR-ACCESS,0.3202,0.2895,228
TZ,327795,Tanzania-e-Government-Agency,0.1506,0.4531,704
BI,327798,SETIC-BERNET,0,0,22
BI,327799,VIETTEL-BURUNDI,0.0197,0.1298,9829
NG,327803,COSCHARIS-TECHNOLOGIES,0.0261,0.291,268
ZA,327804,TRUSC,0.9786,0.1111,234
ZA,327805,Bundu-NetworX,0.3279,0.8689,61
AO,327806,CNTI-AS,0,0,6
ZA,327808,Tesuco-Telecommunications,0.7417,0.9833,120
SN,327809,ARC-Informatique,0.1053,0.2982,57
ZA,327811,COMAIR,0,0,10
ZA,327812,Metacom,0,0,10
ZA,327813,Web4Africa,0,0,2
NG,327813,Web4Africa,0,0.9697,99
GH,327814,Ecoband,0.2084,0.5732,806
ZA,327817,LADYSMITH-WIRELESS-SOLUTIONS,0.4364,0.0364,55
TZ,327819,AZAM-MEDIA,0.125,0.9625,240
CM,327820,SWECOM,0.8096,0.9073,1003
ZA,327822,Airpark-Beaufort-West,0,0,8
ZA,327824,Converged-Telecoms,0.2679,0.7143,56
ZA,327825,Neelana-Communications,0,0,4
ZA,327826,SAFRICOM,0.2565,0.5261,230
SO,327828,Somali-Optical-Networks,0.7098,0.8702,16317
CG,327829,SKYTIC-TELECOM,0.5431,0.7845,116
BW,327830,Concerotel-Botswana,0.046,0.9876,805
AO,327833,CENTRAL-8,0,0,25
ZA,327839,Woolworths,0,0,17
ZA,327840,BROADLINK,0,0,7
NG,327843,PAN-ATLANTIC-UNIVERSITY,0,0,15
TZ,327844,TISPA-TIX-MANAGEMENT,0,0,1
MU,327844,TISPA-TIX-MANAGEMENT,0,0,1
EG,327846,Wadi-Degla-Investments-WDI,0,0,23
GH,327848,HFC-Bank,0,0,25
ZA,327849,DIRECTEL-COMMUNICATIONS,0.9389,0.1145,262
ZA,327850,XON-SYSTEMS,0,0,6
ZA,327858,CloudConnect-Networks,0.3612,0.5017,299
TZ,327859,Capital-Technologies,0.8529,0.9559,68
CV,327862,NOSi,0.3901,0.4103,546
CD,327870,GBS-DRC,0,0,1
ZA,327872,IBITS-Internet,0.9596,0.1111,198
GA,327876,Societe-TLDC,0,0,7
CD,327879,AJYWA-TELECOM,0.9835,0.8678,121
ZA,327880,ShowMax,0,0,3
KE,327884,I-and-M-Bank,0,0,21
TZ,327885,Viettel-Tanzania,0.321,0.37,65313
GH,327886,Central-University-AS,0,0,12
TZ,327888,NMB-BANK,0,0,1
ZA,327889,WATCHTOWER-RSA,0,0,19
NG,327891,NANOCOM,0.1714,0.4571,140
ZA,327892,BETHNET-CC,0.2316,0.5474,95
ZA,327893,LEGENDS-CONNECT,0.8193,0.8554,83
ZA,327894,Desktop-Network-Solutions,0,0,9
NG,327895,MEGAFAST-NETWORKS,0.1493,0.7015,67
ZA,327897,ATEC-Systems,0.6607,0.1071,56
NG,327898,CBC-EMEA,0.0339,0.3644,236
TZ,327900,SIMPLYCONNECT-Simply-Computers,0.3656,0.9677,186
ZA,327901,NET1337,0.254,0.7071,693
SL,327903,MICG,0.4716,0.898,1480
KE,327906,EMBARQ,0,0,48
ZA,327907,Paw-Paw-Wireless,0,0,27
ZA,327909,iONLINE-ISP,0,0,22
ZA,327911,Syniq-Broadband,0,0,39
TZ,327912,National-Health-Insurance-Fund,0,0,10
MA,327917,DGSSI,0,0,8
MU,327919,MC-Vision,0,0,0
CM,327920,AVS-TELECOM-SARL,0,0,0
ZA,327922,Perlcom-iSPOT,0.944,0.984,125
NG,327924,EXCELSIMO-NETWORKS,0.5547,0.8047,128
KE,327927,Laborex-Kenya,0,0,1
GH,327928,ROYAL-BANK,0,0.0323,93
NG,327929,Center-Point-Technologies,0,0,21
DZ,327931,Optimum-Telecom-Algeria,0.0027,0.012,477374
AO,327932,CONNECTIS-DATA-ANGOLA,0.1472,0.7914,163
CD,327933,GROUPE-TELECOM-SPRL,0,0,8
ZA,327935,iSPACE,0,0,18
ZA,327936,KiboConnect,0.6374,0.6374,91
ZA,327939,CLAROTECH,0.0588,0.902,51
MW,327941,SIMBANET-MALAWI,0.5645,0.9512,799
NG,327942,LANDMARK-UNIVERSITY,0.4156,0.4286,77
ZA,327943,MEZOBYTE,0,0,21
KE,327945,ILRI,0.0411,0.1096,73
ZA,327946,MESH-TELECOM,0,0,30
GH,327947,KNUST-,0.8066,0.9818,274
ZA,327949,-HOLLARD,0,0,17
ZA,327950,-IZWI,0.4207,0.8897,145
NG,327952,-NATCOM,0.0209,0.134,25038
RE,327956,PARABOLE-REUNION,0.992,0.108,250
ZA,327957,WIPRO-KZN,0,0,24
ZA,327960,PC-MANIACS,0,0,12
ZA,327961,SPEER-MANAGEMENT-SERVICES,0,0,2
ZA,327962,PacketSky,0,0,30
GH,327965,ARB-APEX-BANK,0.0161,0.8548,62
ZA,327966,FJ-Wiese-CC,0.0167,0,60
ZW,327971,FBC-Holdings,0.9813,0.0562,267
KE,327972,Mawingu-Networks-Ltd,0.9219,0.9368,269
UG,327973,Face-Technologies,0,0,2
KE,327977,FAMILY-BANK,0,0,14
CD,327978,ISS,0,0,0
ZA,327979,DIAMATRIX,0,0,2
NG,327981,Ekovolt-Telco,0,0,104
ZA,327982,Sithabile-Technology-Services,0,0,1
ZA,327983,Interworks-Wireless-Solutions,0,0,38
ZA,327984,Skyfi-Internet-Solutions,0.3343,0.2543,350
NG,327985,IDS-AFRICA,0.9848,1,66
NG,327986,GUTTI-GLOBAL-NETWORKS,0,0,17
ZA,327987,Webstorm,0.027,0.1351,111
SL,327990,AI-NETWORKS-LIMITED,0.8174,0.9304,115
ZA,327991,MEGASURF-WIRELESS-INTERNET,0.8369,0.9231,325
ZA,327996,ACCELERIT,0.0339,0.0169,118
ZA,327999,Nepic-LTD,0.8583,0.9439,374
ZA,328001,SATSOFT,0,0,85
CD,328003,STANDARD-TELECOM-CONGO,0.6316,1,57
ZM,328007,Zambia-National-Commercial-Bank,0,0,0
ZA,328009,BEONLINE,0.0962,0.1538,52
ZA,328013,ISPAfrika,0.8643,0.3214,140
UG,328015,Sombha-Solutions,0.8571,0.4662,133
TZ,328017,TCRA-TZCERT,0,0,1
TZ,328018,National-Housing-Corporation,0,0,2
ZA,328020,Gardale-Solutions,0,0,4
TZ,328021,WIAFRICA,0.9048,0.619,147
ZA,328024,JACQCO-MANAGEMENT,0.22,0.02,50
ZM,328026,MOBILE-BROADBAND,0.9481,0.9734,3003
NG,328027,Sahara-Group,0,0,49
ZA,328030,THREE6FIVE,0,0,2
NG,328035,Zeta-Web-Nigeria-AS,0.4861,0.7345,1514
ZA,328036,WiFi-Technologies-AS,0.7727,0.7879,66
ZA,328038,Hitec-Sure-AS,0.7773,0.9913,229
ZA,328039,JSDAAV,0,0,24
BF,328040,Virtual-Technologies-Solutions-AS,0.9193,0.7267,161
ZA,328045,Multichoice-Support-Services-AS,0.0411,0.3699,73
AO,328046,Banco-Pungo-Andongo-AS,0,0,2
ZA,328049,Haupt-Online-AS,0,0,18
NG,328050,Intercellular-Nigeria-AS,0.3934,0.8361,61
ZA,328051,GO-Communications-Net-AS,0,0,48
EG,328052,Orascom-Construction-AS,0,0,144
NG,328053,Sterling-Bank-AS,0.9828,1,58
ZA,328057,DaD-Tactical-AS,0,0,35
ZA,328058,Brightwave-Tech-AS,0,0,12
NG,328060,Federal-Univ-Birnin-AS,0,0,4
KM,328061,TELCO-SA-AS,0.0366,0.97,1202
EG,328062,Audi-Bank-AS,0,0,1
ZA,328064,LCOM-AS,0.8454,0.9794,97
ZA,328065,Vast-Networks-AS,0,0,167
MA,328066,MEDASYS-AS,0,0,2
EG,328067,EGIT-Technology-AS,0,0,0
ZA,328068,Beginning-2-End-AS,0.1552,0.2931,58
ZA,328074,KLIQ-ltd-AS,0.4902,0.8431,51
TZ,328075,Gadgetronix-Net,0.0675,0.4135,237
GH,328076,University-of-Mines-and-Technology,0.1809,0.9255,94
ZA,328077,Trinity-IT-Solutions-AS,0.82,0.84,50
CF,328079,TELECEL-CENTRAFRIQUE-AS,0,0,42
NG,328080,Inview-Tech-AS,0,0,13
ZA,328082,RiverBroadband-AS,0,0,7
ZA,328086,WiseTech-Global-AS,0,0,1
ZW,328088,NetOne-Cellular-AS,0.0058,0.1005,11900
KE,328089,Kenya-Revenue-Authority-AS,0,0,6
BJ,328092,SUD-TELCOM-AS,0,0,0
KE,328094,Nakumatt-Holdings-AS,0,0,2
UG,328096,TruIT-Uganda-AS,0,0,0
TZ,328097,Auvionics-AS,0,0,1
BJ,328098,JENY-SAS-AS,0.4192,0.6932,427
ZA,328101,Petprops-AS,0,0,35
ZA,328106,UNIWISP-AS,0,0,13
AO,328111,IPWORLD-AS,0,0,13
ZA,328112,Linux-Based-Systems-Design-AS,0,0,48
CI,328115,Agro-West-Industries,0,0,1
UG,328118,East-Africa-Broadband-Services-AS,0.956,0.989,91
CI,328121,Atlantic-Future-Tech-AS,0,0,5
ZA,328125,FORBTECH-AS,0,0,3
NG,328128,Tehilah-Base-AS,0.4571,0.1429,140
ZA,328130,Kosh-Communication-AS,0.1314,0.0857,175
BJ,328133,ABC-Corporation-AS,0.7812,0.9062,64
TZ,328134,Mzuri-Tech-AS,0,0,1
ZA,328135,AVBOB-AS,0,0,12
LR,328136,K3-Telecom-AS,0.0395,0.049,836
ZA,328137,Web-Squad-Connect-AS,0,0,29
BJ,328138,UNIVERCELL-AS,0,0.0521,192
GM,328140,INSIST-NET-AS,0.0433,0.3607,854
SZ,328144,Touch-IT-AS,0.0549,0.1435,237
ZA,328145,Lyca-Digital-AS,0,0,3
ZA,328146,Saint-ICT-AS,0.75,0.775,80
SN,328148,ADIE-AS,0.0806,0.747,1502
ZA,328157,VirtualComms,0,0,28
NG,328160,Dotmac-Tech,0.25,0.7586,116
ZA,328163,A2X,0,0,1
ZA,328164,Net-Hog-AS,0,0,43
ZA,328167,TWK-Communications,0,0,22
SZ,328169,SWAZI-MOBILE,0.0297,0.6313,2118
NG,328171,TREFOIL,0,0,14
ZA,328174,HomeFind24,0,0,5
ZA,328176,ITTX-Telecoms,0,0,43
ZA,328178,The-Computer-Hut-AS,0.9068,0.9627,161
ZA,328179,Singa-Tel-AS,0,0,27
RW,328180,Bank-Of-Kigali-AS,0.0361,0.8918,305
GH,328182,Digital-Arena,0.4177,0.8608,79
GH,328185,uniBank-Ghana-Limited,0.0048,0.9761,209
NG,328188,Covenant-University-AS,0.0154,0,259
NG,328189,ECOBANK-NIGERIA,0,0,20
KE,328190,Sense-Telecommunications,0,0,5
KE,328192,Kenya-Post-Office-Savings-Bank,0,0,0
CI,328193,SOCIETE-NATIONALE-DE-DEVELOPPEMENT-INFORMATIQUE,0.2533,0.92,225
LR,328196,POWERNET,0.4538,0.8846,130
UG,328198,BLUECRANE,0.5926,0.6667,162
LY,328200,Al-Madar-Al-Jadeed,0.9754,0.0569,33400
NG,328203,Platinum-Index-AS,0.5872,0.7982,109
ZA,328204,WIFI-Wave-AS,0,0,30
GQ,328207,OFFICE-TECH,0.8125,0.95,80
GA,328208,GLOBALSAT,0,0,1
AO,328211,SETIC-FP-AS,0,0,1
GH,328212,The-University-Of-Cape-Coast-AS,0.7706,0.5505,109
GH,328213,IT-Consortium-Limited-AS,0,0,0
ZA,328214,Bioniq-Ltd-AS,0,0,24
BF,328215,Universal-Communication-AS,0,0,10
ZA,328216,Firestream-AS,0.9846,0.9231,65
ZA,328220,Altech-Radio-AS,0.037,0.0912,351
NG,328221,CORALPAY,0,0,11
MZ,328223,VOIPTECH-LIMITADA-AS,0,0,11
KE,328225,Strathmore-University,0.0427,0.7134,164
BJ,328228,Benin-Telecoms-AS,0.9259,1,54
ZA,328229,Aeonova360-AS,0,0,10
ZW,328230,Hammer-and-Tongues-AS,0.0598,0.2735,117
ZA,328231,Zazu-Internet-AS,0,0,12
ZA,328232,HX-Systems-AS,0.2,0.1826,115
SL,328236,PCS-Holdings-Limited,0.0273,0.0929,183
ZA,328239,EvoNet-AS,0.8453,0.7708,349
NG,328240,DANGOTE-AS,0.0606,1,66
ZA,328242,IP-Labs-AS,0,0,17
GN,328244,Skyvision-Guinee-AS,0.7619,0.7211,147
BF,328245,ARCEP-AS,0,0,0
AO,328248,Contidis-AS,0,0,2
CD,328249,Kinshasa-Wireless-AS,0.9186,0.9231,221
SO,328250,Golis-Telecom-AS,0.115,0.1892,27755
ZA,328251,Force-Telecoms-AS,0.8689,0.5902,61
ML,328253,MALI-ATEL,0.9012,1,840
ZA,328255,Infraplex-AS,0,0,27
NG,328256,Skymax-Integrated-Network-AS,0,0,1
SL,328258,Zen-Internet,0.4991,0.7444,579
SN,328259,WAW-SAS,0.926,0.1011,554
GH,328261,E-CONNECTA-LIMITED,0.1923,0.9038,104
ZA,328262,Internet-Uncapped,1,0.9804,51
ZA,328266,Atomic-AS,0,0,2
ZA,328270,WTTX-Communications-AS,0,0,0
KE,328271,Syokinet-Solutions-AS,0.7059,0.8595,306
MZ,328274,BBID1-AS,0,0,0
ZA,328275,BWSC1-AS,0.0141,0,71
NG,328276,CNL2-AS,0.0952,0.8238,210
ZA,328278,WiberSolutions-AS,0.9583,0.9667,120
LR,328279,NAS-Inter-Global-AS,0.3,0.46,50
MA,328280,LNDR1-AS,0,0,1
TG,328282,TEOLIS-SAU,0,0,8
SL,328289,Ceedee-Investment-AS,0.3421,0.4123,342
ZA,328320,Kurlec-AS,0.95,1,60
CD,32842,IBURST,0,0,5
TZ,32860,CATS-NET-NETWORK,0.0357,0.3104,364
ZA,3300,BT,0,0,38
EG,3328,Reserved (ripencc),0.125,0.3295,88
ZA,3356,"LEVEL3 - Level 3 Parent, LLC",0,0,2
CD,3356,"LEVEL3 - Level 3 Parent, LLC",0,0,7
LS,33567,TELECOM-LESOTHO,0.1826,0.9037,3176
ZA,33762,WBS,0.2096,0.3853,353
NA,33763,Paratus-Telecom,0.1094,0.2002,2687
ZM,33763,Paratus-Telecom,0.0541,0.2771,314
AO,33763,Paratus-Telecom,0.1254,0.4718,941
TZ,33765,TTCLDATA,0.0413,0.5751,16918
ZA,33769,ITDYNAMICS,0,0,2
KE,33771,SAFARICOM-LIMITED,0.0092,0.0157,119046
TZ,33772,BOL-CO-TZ-AS,0.0464,0.6159,690
EG,33778,Mantrac-Group-AS,0,0,38
DZ,33779,wataniya-telecom-as,0.002,0.0164,581610
GH,33780,IGH-Accra,0,0,6
BW,33781,OPQ,0.0521,0.1512,787
EG,33782,BA-AS,0,0.031,129
EG,33785,CITYNET,0.1441,0.0811,333
GH,33786,KNet,0.2603,0.6043,657
SD,33788,KANARTEL,0.1343,0.2355,6285
RE,34306,MOBIUS-AS,0.1481,0.3148,54
ZA,3491,"BTN-ASN - PCCW Global, Inc.",0,0,13
ZA,35074,COBRANET-AS,0,0,40
NG,35074,COBRANET-AS,0.1185,0.2578,7960
GH,35091,"TELEDATA-AS Teledata, Ghana",0.075,0.0995,2252
NG,36492,"GOOGLEWIFI - Google, LLC",0.9706,0.9853,68
MA,36666,GTCOMM - GloboTech Communications,0,0,1
ML,36864,AFRIBONEMALI-AS,0.9553,0.0854,1498
MZ,36865,MZ-TELEDATA,0.125,0.2784,352
KE,36866,JTL,0.4023,0.6574,12062
MU,36868,EIS,0.6731,0.5577,52
EG,36870,IT-WORX,0,0,2
NG,36872,IDN,0.1202,0.847,183
NG,36873,VNL1-AS,0.0115,0.3081,178596
ZA,36874,Cybersmart,0.205,0.2905,2317
ZA,36877,IWAYAFRICA,0,0,17
NA,36877,IWAYAFRICA,0.2624,0.4431,343
DZ,36879,SLC1-AS,0.2163,0.7229,7448
AO,36881,MULTITEL,0.0838,0.2046,1491
MU,36882,DCL,0,0,38
MA,36884,MAROCCONNECT,0.9695,0.0225,133913
KE,36886,Reserved (afrinic),0,0,43
NG,36887,DOPC-AS,0,0,31
RW,36890,MTNRW-ASN,0.1196,0.0685,34884
DZ,36891,ICOSNET-AS,0.4715,0.8277,8661
SS,36892,IPTECH,0.0259,0.0712,309
ZA,36898,Currant,0,0,3
GH,36900,ESSLtd,0,0,21
MA,36903,MT-MPLS,0.0371,0.0668,1306354
CM,36905,Creolink-ASN,0.1548,0.2016,2093
AO,36907,TVCaboAngola,0.0744,0.1213,25509
TZ,36908,VTL-ASN,0.0019,0.0047,70095
TZ,36909,HABARI-CO-TZ-AS,0.8934,0.2287,835
NG,36911,DOPC-AS-US,0.09,0.4795,2044
CM,36912,ORANGE,0.0118,0.0228,25525
MW,36913,BROADBAND-MALAWI,0,0,10
KE,36914,KENET-AS,0.3044,0.3067,4701
KE,36915,AFOL-KE-AS,0.6306,0.5667,360
BJ,36916,X-DSL-NET1,0,0,2
ZA,36916,X-DSL-NET1,0.2052,0.5262,458
AO,36917,ACS,0.3793,0.6828,145
NG,36920,KKON,0.1089,0.43,3665
NG,36922,UBA-AS,0.1317,0.8197,638
NG,36923,SWIFTNG-ASN,0.0277,0.985,31176
BJ,36924,GVA-Canalbox,0.6757,0.6216,185
TG,36924,GVA-Canalbox,0.0526,0.0658,532
GA,36924,GVA-Canalbox,0.0277,0.0267,1012
MA,36925,Medi,0.0227,0.3254,251946
KE,36926,CKL1-ASN,0.0083,0.3059,26139
SL,36928,SIERRATEL-AS,0.7687,0.8845,10101
TZ,36930,Zantel-AS,0.0086,0.0157,10028
RW,36934,ARTEL,0.166,0.9754,488
EG,36935,Vodafone-,0.0032,0.0234,204008
AO,36936,BancoBai,0,0,42
ZA,36937,Neotel-AS,0.2886,0.5928,7357
KM,36939,ComoresTelecom,0.9202,0.4571,1190
MA,36941,MTDS-AS,0.6686,0.6036,169
ZA,36943,webafrica,0,0,9
MZ,36945,mcelISP,0.0064,0.9514,2960
DZ,36947,ALGTEL-AS,0.0765,0.4989,2148065
ZA,36951,Derivco,0,0,44
ZA,36953,SNOWBALL,0.6192,0.3175,885
CM,36955,Matrix-ASN1,0.2918,0.515,233
MA,36956,MT-MPLS,0,0,66
ZM,36959,afczas,0.1491,0.3519,1509
GH,36961,ZIPNET,0.4313,0.2843,313
ZM,36962,MTNZ-AS,0.0031,0.0081,23218
BW,36963,OBO,0.0059,0.0814,2887
TZ,36965,WIA-,0.2178,0.3614,202
ZA,36968,ECN-AS1,0.1818,0.2121,66
MW,36969,MTL-AS,0.2061,0.2998,1014
NG,36970,interswitch,0,0.0227,88
SD,36972,MTN,0.0018,0.4112,129583
TN,36974,AFNET-AS,0,0.0064,157
CI,36974,AFNET-AS,0.0267,0.0977,28063
KE,36975,CBA-AS,0,0.975,80
AO,36976,SONANGOL,0.0033,0.0049,614
UG,36977,Airtel-,0.7506,0.9041,417
EG,36978,EFG,0,0,43
NG,36979,FBN-AS,0,0,251
ZA,36982,UCT,0.9679,0.018,499
ZA,36983,OTR-A,0,0,19
ZW,36986,AINET,0.1007,0.8774,1142
SL,36988,Africell-Lintel,0.1012,0.9833,5388
EG,36990,Alkan-AS,0,0,10
UG,36991,ORANGE-,0.0397,0.0868,6604
EG,36992,ETISALAT-MISR,0.4624,0.2197,324863
NG,36993,FCMB,0.0427,0.5877,211
ZA,36994,Vodacom-VB,0.1384,0.2546,3641
KE,36994,Vodacom-VB,0,0,1
AO,36994,Vodacom-VB,0,0,5
NG,36994,Vodacom-VB,0,0,32
CI,36994,Vodacom-VB,0,0,5
NA,36996,TELECOM-NAMIBIA,0.1702,0.1567,23517
MU,36997,INFOCOM-,0.1971,0.3037,619
UG,36997,INFOCOM-,0.129,0.3631,628
SD,36998,SDN-MOBITEL,0.0029,0.0202,242826
NA,36999,TELECOM-NAMIBIA,0.0356,0.0539,4549
NG,37001,GTB-AS,0.0041,0.9061,245
RE,37002,Reunicable,0.0283,0.4342,5366
EG,37003,Xceed-as,0,0,70
NG,37004,Suburban-Broadband-AS,0.2025,0.7106,1980
NG,37005,ACCESSBK-AS,0.0008,0.038,1210
RW,37006,LiquidTelecommunicationRwanda,0.0622,0.1964,1125
MU,37006,LiquidTelecommunicationRwanda,0.1399,0.2202,1022
ZA,37007,LIBERTY-LIFE,0,0,6
BF,37008,Alink-Faso,0.449,0.7007,147
NA,37009,MTCASN,0.0149,0.0257,20147
RW,37010,NUS-AS,0.0543,0.0761,92
AO,37011,MSTARTEL-AS,0.4412,0.6941,170
GH,37012,ComSysGH-AS,0.1757,0.3933,3659
TZ,37013,Satcom-AS,0.0267,0.8085,449
BW,37014,Mascom-Wireless-Botswana,0.0217,0.2964,1660
NG,37018,GALAXYBB-AS,0.0347,0.2529,6773
CD,37020,CELTEL-DRC,0.0311,0.0559,3792
ZW,37024,Yoprov,0.0562,0.1798,89
NG,37025,BANKPHB,0.093,0.0116,86
NA,37026,SALT-ASN,0,0,2
KE,37027,SIMBANET-AS,0.3048,0.3394,9753
UG,37027,SIMBANET-AS,0.7306,0.5929,2142
ZA,37028,FNBCONNECT,0.0169,0.0112,178
GH,37030,TIGO-AS,0.013,0.2152,39425
EG,37031,MIST-,0.1443,0.3035,201
GH,37032,Alinkghana-as,0.1678,0.7383,149
CG,37033,ALINK-CONGO,0,0,21
CM,37034,RINGO,0.1586,0.3301,309
TZ,37035,MIC-AS,0.0031,0.0074,51765
AO,37036,BFA,0,0,2
MG,37037,ORANGEMG-AS,0.049,0.0826,5022
NE,37038,ALINK-NIGER,0,0,0
ZA,37049,SADV,0.8639,0.1962,316
BW,37051,govbw-as0,0.003,0.2801,989
KE,37052,UNON-AS,0.0273,0.0318,220
ZA,37053,RSAWEB-AS,0.1545,0.2517,576
MG,37054,TGN,0.0368,0.0484,30083
ZA,37055,EMID,0.2549,0.7843,102
NG,37056,ZENITH-BANK,0.0982,0.5,112
LS,37057,VODACOM-LESOTHO,0.0116,0.0767,3717
NG,37058,SKYE-BANK,0.0081,0.3563,247
KE,37061,Safaricom,0.1689,0.2495,29294
AO,37062,N-BNI,0.9608,1,51
UG,37063,RTL-AS,0.0911,0.1516,2909
EG,37066,MFA-AS,0,0,72
EG,37069,MOBINIL,0.0007,0.001,90342
BF,37073,IPP-burkina-as,0.2671,0.8592,277
GH,37074,UG-AS,0,0,6
UG,37075,ZAINUGAS,0.0071,0.0289,47489
NG,37076,EMTS-NIGERIA-AS,0.0074,0.0766,84443
NG,37077,AAUN-,0,0.3151,146
AO,37081,movicel-as,0.0165,0.7979,4295
TZ,37084,simbanet-tz,0.6834,0.4067,1554
TZ,37085,OUT-AS,0,0,3
GH,37087,STLGHANA,0.1516,0.9714,455
NG,37088,VDT-AS,0.1599,0.5845,2308
CM,37089,ALINK-CM-AS,0,0,23
BJ,37090,ISOCEL,0.9163,0.2018,1972
EG,37091,AL-Ahli-BANK,0,0,8
LR,37094,CELLCOM,0.9675,0.9999,25774
MW,37098,globe-as,0.6389,0.7863,2199
ZA,37100,SEACOM-AS,0.3706,0.5194,1854
KE,37100,SEACOM-AS,0.3239,0.4873,710
MZ,37100,SEACOM-AS,0,0,14
TZ,37100,SEACOM-AS,0.0606,0.5152,66
UG,37100,SEACOM-AS,0.894,0.9666,689
TZ,37101,MARLINK-,0.5584,0.7922,77
CD,37102,CIELUX-RDC,0.8927,0.9805,205
GH,37103,BUSYINTERNET,0.1099,0.905,3958
NG,37104,stanbic-as,0,0,12
ZA,37105,NEOLOGY-AS,0.0356,0.1101,3343
NG,37106,ODUA-AS,0.2453,0.4403,159
KE,37109,MyISP-AS,0.2842,0.5105,190
MZ,37110,moztel-as,0.1018,0.176,1375
EG,37112,DarCairoAS,0,0,18
UG,37113,tangerine-ug-as,0.0683,0.1619,2224
ZA,37116,coega-as,0,0,13
AO,37119,unitel-AS,0.0226,0.0715,22425
TZ,37120,SELCOM-ASN,0,0,9
UG,37122,SMILE-,0.3578,0.9841,816
ZW,37123,TELCO-,0.1283,0.6646,1598
RW,37124,tigo-rw-as,0.1954,0.8612,7030
NG,37125,Layer3-,0.0702,0.3511,769
TZ,37126,BELL-,0.007,0.0418,287
KE,37129,rasmilink-as,0.2745,0.2916,998
ZA,37130,SITA-AS,0.6366,0.1762,1186
MW,37133,airtel-tz-as,0.063,0.5434,841
TZ,37133,airtel-tz-as,0.1092,0.0199,50054
BJ,37136,ETISALAT-AS,0.9736,0.3254,13970
KE,37137,gateway-ke-as,0,0,6
GH,37140,zain-as,0.0473,0.993,44964
GN,37141,ETI-AS,0.0611,0.2178,753
TZ,37143,arusha-as,0.0921,0.0451,532
NG,37144,VALUCARD-,0.0294,0.2206,68
ZM,37146,realtime-as,0.3912,0.6103,639
AO,37147,bancobic-as,0,0,19
NG,37148,globacom-as,0.0115,0.0472,126620
ZA,37150,XISASN,0.2186,0.2678,183
ZA,37153,HETZNER,0.4125,0.4375,160
ZM,37154,ZAMTEL,0.0451,0.2183,13494
AO,37155,NETONE,0.0362,0.0563,1795
KE,37156,XTRANET,0.1053,0.4158,190
ZA,37157,IMAGINE,0.8101,0.962,79
GH,37161,IBURST-,0,0,14
GH,37162,GCNET-AS,0.0588,0.902,51
BF,37163,IPSYSTEM,0.207,0.5161,372
SL,37164,ZAIN-,0.9444,0.9882,4066
KE,37165,WEBRUNNER,0.9908,0.7523,109
KE,37166,KENYA-AIRWAYS,0,0.0422,166
ZA,37168,CELL-C,0.131,0.1413,12705
NG,37170,UNILAG,0,0,514
ZA,37172,MITSOL,0.3025,0.463,162
GQ,37173,GETESA,0.5978,0.2962,557
NG,37178,ALPHA-BETA-CONSULTI,0,0,14
ZA,37179,AFRICAINX,0.154,0.4297,526
ZA,37180,SAA,0,0,41
TZ,37182,TERNET,0.6996,0.7613,243
ZW,37183,UTANDE,0.4043,0.2886,3087
ZW,37184,POWERTEL,0.1536,0.7484,4590
ZM,37185,ISAT-Africa-Zambia,0.3333,0.819,105
MW,37187,SKYBAND,0.5907,0.0376,2421
ZW,37189,YoAfrica3,0.1656,0.2724,646
CI,37190,ATLANTIQUE-TELECOM-,0.0156,0.0555,13160
EG,37191,Raya-Holding,0,0,26
NG,37192,ECNX,0.9357,0.1345,171
EG,37193,E-FINANCE,0,0,32
NG,37194,VOIX-NETWORKS,0.24,0.5938,325
SN,37196,SUDATEL-SENEGAL,0.8916,0.9522,6354
SD,37197,SUDREN,0.4203,0.3432,1180
ZA,37199,VANILLA,0.1359,0.3204,206
NG,37200,SIMBANET-NIGERIA,0.0644,0.3834,2097
LR,37203,LIBTELCO,0.1883,0.4091,770
ZW,37204,TELONE,0.0513,0.1226,39115
NE,37205,ATLANTIQUE-TELECOM-NIGER,0.0033,0.0254,4299
UG,37206,BOU,0,0.3393,56
NG,37207,NNPC,0,0.0117,514
SL,37208,AFCOM-,0.3333,0.9102,1002
NG,37209,HYPERIA,0.3343,0.707,2082
KE,37210,NBK,0,0.5484,62
SD,37211,MAX-NET-FOR-INTERNET-SERVICES,0.4768,0.8619,1963
GH,37212,ZENITH-BANK-,0,0,25
TZ,37213,SPICE-NET-,0.8257,0.4684,459
ZM,37214,MICROLINK,0.1675,0.3358,1355
KE,37219,ICTA-,0.3066,0.7806,998
NG,37222,INTERCONNECT-,0,0,21
MZ,37223,VODACOM-,0.0048,0.0291,26742
ZA,37225,NETWIDE,0.0385,0.0385,52
EG,37226,BELTONE-FINANCIAL,0,0,1
RW,37228,Olleh-Rwanda-Networks,0.3579,0.6195,19296
TG,37229,ATLANTIQUE-TELECOM-,0.9544,0.9942,4341
NG,37230,SWIFTTALK,0.2267,0.614,741
GH,37232,CTS,0.2692,0.8154,130
NE,37233,ORANGE-NIGER,0.0059,0.0173,8788
ZA,37236,Reflex-Solutions,0.1325,0.5181,83
ZA,37239,ICTGLOBE,0.1304,0.713,115
KE,37244,DTDOBIE,0,0,16
NG,37248,PHASE3TEL,0.1375,0.4273,887
NG,37249,CWHOUSE,0.0047,0.0427,211
ZA,37251,TELKOMMOBILE,0.9736,0.0749,4167
EG,37252,GBAUTO,0,0,2
ZA,37254,GREENFLASH,0.8399,0.2954,281
ZA,37259,Broadband-Wireless,0,0,7
GH,37263,UNIVEDU,0.0039,0.0541,259
ZA,37266,AMOBIA-ASN,0.3156,0.7911,225
NG,37269,ICSL,0.4551,0.8443,1259
EG,37270,AT-Financial,0,0,2
ZA,37271,Workonline,0,0,34
UG,37273,BCS,0.9057,0.9623,53
KE,37274,NICBANK,0.0943,0.9245,53
ZA,37275,ETC,0,0,7
ZA,37276,VOFFICE,0.7914,0.8712,163
TZ,37278,BANKM,0,0,3
NG,37280,BCL,0.6397,0.6782,1013
CG,37281,OFIS,0.8218,0.1737,662
GH,37282,MAINONE,0.1799,0.4743,2279
NG,37282,MAINONE,0.1424,0.4353,15023
LY,37284,Aljeel-net,0.5077,0.4187,76310
NG,37286,NG-ICT-FORUM,0,0,25
MW,37287,ZAIN-ZAMBIA,0.1364,0.6591,132
CD,37287,ZAIN-ZAMBIA,0.0129,0.0839,155
ZM,37287,ZAIN-ZAMBIA,0.0425,0.2831,22389
BJ,37292,OTI-AS,0.1054,0.1411,560
MW,37294,TNM,0.6155,0.6731,4166
NG,37296,AFCOMSAT,0,0,22
KE,37298,EQUITYBANK,0,0,14
ZA,37302,DUBETRADEPORT,0,0,6
MG,37303,AIRTELMADA,0.0756,0.7759,1441
GH,37304,Tullow,0,0,48
KE,37305,FON,0.4354,0.5841,1284
KE,37307,AGRA,0,0,12
NG,37308,COOLLINK,0.0689,0.3286,2337
GM,37309,QCell,0.1665,0.0442,9399
GH,37313,GGoC1-AS,0.178,0.9091,1320
ZA,37314,Syrex-Pty-Ltd,0.0913,0.1538,208
ZA,37315,CipherWave,0.799,0.8177,587
ZA,37317,WSINET,0.9035,0.5789,114
AO,37318,BESA,0,0,21
GH,37320,NLA-AS,0.4314,0.5098,51
CG,37322,OFIS-BZ,0.8276,0.2261,261
GM,37323,NETPAGE,0.1785,0.9152,3030
GN,37325,INTERCEL,0,0,0
SO,37326,GICO,0.0269,0.0332,2413
NG,37328,WEMABANK,0,0.509,167
ZA,37333,COMTEL,0.0787,0.5246,305
ZA,37334,ARC,0,0,24
BI,37336,UCOM-WIC,0.043,0.3559,1582
GQ,37337,HITS-EG,0.051,0.1701,8
KE,37338,G4S-AS,0,0,40
NG,37340,Spectranet,0.0763,0.845,42000
GH,37341,GLOMOBILE,0.0179,0.7979,11566
MZ,37342,MOVITEL,0.1498,0.3415,17656
KE,37346,Davis-Shirtliff,0,0,11
NG,37347,NGCOM,0.145,0.9437,1262
EG,37348,CAC,0,0,14
TZ,37349,Aptus,0.0805,0.1286,1205
GH,37350,IS-GHANA,0.3734,0.7984,1141
NG,37350,IS-GHANA,0.0794,0.6667,63
ZA,37353,MacroLAN,0.3802,0.6172,384
ZA,37356,O-Tel,0.5263,0.4586,133
ZA,37357,SAINET,0.15,0.49,100
ZA,37358,BITCO,0.329,0.5996,1626
TZ,37362,TPA,0,0,14
ZA,37363,FAIRCAPE,0.9342,0.1184,76
TZ,37364,TCRA,0,0,1
AO,37366,BNA,0,0,47
ZA,37368,BLUEDUST,0,0,2
SO,37371,HORMUUD,0.6092,0.7721,139290
GH,37373,AUC-ASN,0.5686,0.2059,102
SS,37376,ZAIN-South-Sudan,0,0.0049,1225
NG,37377,Futurecom,0.4522,0.6943,314
NG,37378,NIGERIA-AIRFORCE,0,0,17
CI,37381,VIPNET,0.26,0.4276,1146
BW,37382,BOTSPOST,0,0,37
NE,37385,SONITEL,0.2029,0.3289,2311
ZA,37387,Platformity,0,0,13
GA,37390,iPi9,0.0527,0.8863,1460
GH,37392,SSNIT,0,0,4
BW,37395,ABARI,0.5801,0.8636,462
NG,37398,junisat,0.4263,0.6753,699
ZA,37403,INFOGRO,0.8703,0.8541,185
NG,37405,UNIV-NG-NSUKKA,0.0473,0.5522,402
SS,37406,RCS,0.6396,0.3604,369
NG,37407,LEVANT-,0,0,39
UG,37408,NWSC,0,0,38
ZA,3741,IS,0.1822,0.3867,11677
LR,37410,LONESTAR,0.9541,0.3569,11753
ZA,37413,HYMAX,0.4658,0.7078,219
CD,37414,Microcom-Sprl,0.2874,0.7816,87
CD,37415,AFRINET,0,0,25
ZA,37417,SONIC-Wireless,0.1037,0.2056,540
SL,37418,Guaranty-,0,0,28
TZ,37419,TRA,0.0096,0.6827,104
ZA,37422,FIRSTNET,0.2231,0.4231,130
TZ,37423,ADN,0.0395,0.0658,76
BJ,37424,Spacetel,0.502,0.6376,43328
SO,37425,Somcable,0.4155,0.7423,51922
NG,37426,Amcon,0,0,15
GN,37427,Cellcom,0.0056,0.0243,7027
BI,37429,Spidernet,0.1361,0.2515,485
GN,37430,vdctelecom,0.2067,0.6072,779
NG,37433,KKON-ABUJA,0,0,45
EG,37437,CICH,0,0,47
ZA,37438,Gijima,0,0,17
ZA,37439,Breedenet,0.0438,0.0909,616
MW,37440,Airtel-,0.0186,0.5188,6503
ZW,37442,ZARNET,0.1429,0.9077,336
NG,37443,Usmanu,0.7941,0.1838,136
EG,37444,SCCT,0,0,26
NG,37445,ETRANZACT,0.1406,0.3594,128
UG,37446,TULLOW-,0,0,1
CD,37447,OASIS-SPRL,0.0293,0.2714,4782
SL,37449,ONLIME-,0.8317,0.8813,1491
CG,37451,CongoTelecom,0.1064,0.2164,1382
NG,37452,CB-Nigeria,0.0079,0.0646,635
CD,37453,VODACOM-CONGO,0.0754,0.2831,5676
TZ,37454,BNH,0.9036,1,83
MU,37455,BHARAT-TEL,0.0575,0.3793,609
SL,37456,ATLAS-COMMS,0,0,5
ZA,37457,Telkom-Internet,0.9605,0.0917,51156
CF,37460,ORANGE-CA,0.0084,0.0252,833
GN,37461,ORANGE-,0.0026,0.0086,31312
CD,37463,MTN-CONGO,0.0164,0.6066,61
CG,37463,MTN-CONGO,0.317,0.9466,9401
NG,37466,RIVERS-STATE,0,0,32
AO,37468,ANGOLA-CABLES,0.1034,0.5862,58
NG,37472,NIGCOMSAT,0.2207,0.5631,222
DJ,37473,TELESOM,0.3247,0.7403,77
SO,37473,TELESOM,0.9268,0.7014,37174
CM,37475,HTT,0.1085,0.1194,2111
CI,37475,HTT,0.7987,0.2685,149
MZ,37477,Mozabanco,0,0,5
NG,37480,Cobranet,0.0802,0.5722,187
ZA,37482,BI,0,0,17
CD,37483,Congo-Chine,0.0415,0.5238,987
ZA,37484,Lasernet,0.4697,0.8788,66
GQ,37487,GUINEANET,0.8652,0.287,230
ZA,37488,ACSNET,0,0,5
MZ,37489,ABARICOMMOZ,0.4348,0.913,115
NG,37490,O-SAVINGS,0,0,75
ZA,37491,TRINET-ONLine,0,0,20
TN,37492,ORANGE-,0.0234,0.0593,186813
BI,37492,ORANGE-,0,0,24
GA,37493,wifly,0,0,5
TZ,37496,Aga-Khan,0,0,14
ZA,37497,Network-Platforms,0.2192,0.9041,73
KE,37499,UAP,0,0,30
CG,37500,Wifly-Congo,0,0,18
ZA,37501,UOFS,0.8095,0.0079,126
GM,37503,Unique-Solutions,0.0421,0.0601,499
NG,37506,Zinox,0.2075,0.5975,241
MR,37508,MATTEL,0.0105,0.1362,6500
ZA,37511,Enhanced-Internet,0,0,1
GQ,37512,IPX-Intl,0.4125,0.8838,783
NA,37513,Polytechnic-,0,0,701
KE,37514,Tullow-,0,0,8
ZA,37515,iCONNECT,0.462,0.5941,909
CV,37517,CV-Multimedia,0.0163,0.0532,20982
ZA,37519,Xtranet,0.4138,0.5345,58
ZA,37520,Rhodes-Univ,0.9884,0,345
NG,37521,Internet-Solutions-,0.2769,0.7352,1163
GM,37524,AFRICELL-,0.032,0.9994,14300
ZA,37525,BYTES-CON-1,0.0485,0.7379,103
BF,37526,Telecel-Faso,0.9544,0.9978,2697
ZA,37527,JIREH-Technologies,0,0,2
NG,37528,AISA,0,0,6
GQ,37529,GITGE,0.6909,0.8788,825
NE,37531,AIRTEL-NIGER,0.0173,0.4701,9095
ZM,37532,ZAMREN,0.0581,0.2355,1291
AO,37533,TSOLNET,0.0676,0.4882,340
GH,37534,GH-GTBank,0,0,16
BW,37537,Bytes-Botswana,0.0357,0.2143,56
NG,37540,WINROCK-,0.2528,0.4831,534
MR,37541,CHINGUITEL,0.871,0.9811,8406
ZA,37542,Iclix-CC,0.6867,0.4317,498
CM,37544,SOTEL-TCHAD,0,0,32
BI,37545,BBSS,0.7014,0.7725,211
ZA,37546,MIA-TELECOMs,0.4979,0.9004,241
RW,37547,ISPA-,0.1038,0.2902,703
CG,37548,ARPCE,0,0,0
ZA,37549,Triponza,0.7938,0.1959,97
CG,37550,airtelcg,0.0156,0.1264,7065
GM,37552,Gamtel,0.5639,0.9781,915
NG,37555,FBNC,0,0.1796,206
MZ,37556,CILIXSOFT-ASN,0,0,8
LY,37558,LITC,0.7332,0.858,3339
GW,37559,ORANGE-BISSAU,0.2204,0.2653,245
LR,37560,CYBERDYNE,0,0,0
EG,37562,DrexelEgypt,0,0,11
SO,37563,SOMTEL,0.7136,0.8531,60261
ZA,37564,wirulink,0.8187,0.7082,706
NG,37565,NSE-AS,0,0.4167,108
LY,37566,ICONA-AS,0.2659,0.2099,929
NG,37567,NIBSS,0,0.6207,87
ZW,37568,NUoS-ASN,0.194,0.014,500
ZM,37569,RokeZambiaASN,0.0968,0.2581,93
GH,37570,FIDELITY-AS,0,0,141
CD,37571,ITM-DRC,0,0,27
CV,37575,TMAIS,0.8675,0.9753,11762
TZ,37576,ZeeASN,0.0347,0.0118,1268
BF,37577,Orange-,0.0064,0.0175,14129
KE,37579,NMG-AS,0.0068,0.0068,147
LR,37580,ELECTROSHACK,0.1183,0.313,262
GA,37582,ANINF,0.427,0.5511,274
SS,37584,FastNetAS,0,0,38
BI,37586,ONATEL,0.5436,0.5638,149
NG,37587,UBNAS,0.0077,0.5144,1563
NG,37588,Stratus,0.2113,0.6804,194
AO,37590,BCA-ASN,0,0,10
NG,37591,HBNAS,0.0074,0.8545,811
TZ,37592,GapcoTZ-ASN,0,0,3
AO,37593,Infrasat,0,0,40
SS,37594,MTN,0.0205,0.1236,1416
ZA,37596,WIPRONET,0.2663,0.4887,706
ZA,37599,TERACO,0,0,9
AO,37603,GameZone-AS,0,0,24
BW,37604,Zebranet-AS,0.2911,0.9802,505
NG,37605,GTNL1-AS,0.2024,0.5385,494
MG,37608,iRENALA-AS,0.3333,0.0643,249
CD,37609,ROKETELKOM-AS,0,0,24
ZA,37611,Afrihost,0.1826,0.2563,13623
GN,37612,Areeba-Guinea-AS,0.0156,0.0659,7643
GH,37613,Dolphin-Telecom-AS,0.2289,0.3333,249
NG,37613,Dolphin-Telecom-AS,0.4533,0.6533,75
GA,37616,Airtel,0.085,0.9967,7244
ZA,37618,Telemedia-AS,0,0,22
CM,37620,VIETTEL-CM-AS,0.008,0.0154,12768
MU,37622,MTML-AS,0.887,0.9979,4337
GH,37623,SURFLINEGHANAAS,0.0243,0.6844,14251
ZA,37627,Equation-Business-AS,0,0,15
ZA,37628,KAB-Tech-AS,0,0,35
NG,37629,eStreamNetworks-AS,0.3393,0.7232,672
ZA,37630,EY-JHB-AS,0,0,5
ZA,37634,ITEC-COMMS,0.4026,0.5844,77
NG,37637,Smile-Nigeria-AS,0.0309,0.669,25969
CD,37638,Orioncom,0.4207,0.8708,271
ZA,37640,CAPE-CONNECT-AS,0.0842,0.9263,95
LS,37642,Comnet-Lesotho-AS,0.1235,0.5802,81
NG,37643,Ambion-AS,0.1004,0.7229,249
AO,37645,ZAP-Angola,0.0328,0.0561,8946
GH,37647,BlueCloud-AS,0.5205,0.7131,732
SN,37649,Tigo,0.8817,0.9494,8583
ZA,37650,CM-Value-AS,0,0,40
ZA,37652,37652,0.1356,0.2712,118
ZA,37653,Pink-Squirrel-AS,0.3684,0.7544,57
RW,37654,RwEdNet-AS,0.0278,0.1969,828
ZA,37658,Marion-Technology,0,0,6
NG,37660,Premierlotto-AS,0,0.3243,148
NG,37661,NRaE1-AS,0.204,0.4983,907
DJ,37662,WIOCC-AS,0,0,0
SO,37662,WIOCC-AS,0.9294,0.9948,3666
ZA,37662,WIOCC-AS,0,0,25
KE,37662,WIOCC-AS,0,0,10
YT,37662,WIOCC-AS,0.9443,0.9873,395
EG,37664,RayaCC,0,0,9
GN,37665,MouNa,0.1797,0.3817,807
GA,37669,IG-AS,0,0,33
ZA,37670,SMART-AS,0,0,44
TN,37671,GLOBALNET-AS,0.0738,0.3317,34878
CM,37672,Vodacom,0.3276,0.5086,116
NG,37672,Vodacom,0,0,26
ZA,37673,Telemasters,0.1379,0.3793,58
MU,37674,Millenium,0,0,18
ZA,37675,Sky-Connect-ASN,0.689,0.9207,164
CD,37677,SCPT,0.791,0.8955,67
BW,37678,BOFINET,0.3079,0.5101,1627
UG,37679,URA1,0.9057,1,53
ZA,37680,COOL-IDEAS,0.0853,0.1574,1969
NG,37682,TIZETI-AS,0.9425,0.9964,2521
UG,37683,CRDB1-AS,0,0,4
KE,37684,ANGANI-AS,0,0,30
NG,37686,ABUZ1-AS,0.0123,0.7119,486
NG,37688,BCNL1-AS,0.3091,0.4555,1236
GH,37690,BLUTELECOM-AS,0.9825,0.0643,342
ZA,37692,NetStack-AS,0.5991,0.6414,449
GH,37692,NetStack-AS,0,0,1
MU,37692,NetStack-AS,0,0,41
TN,37693,TUNISIANA,0.015,0.0445,280414
MZ,37697,webmasters,0.6974,0.7237,152
TN,37705,TOPNET,0.0406,0.2715,211674
MU,37705,TOPNET,0.0209,0.3164,335
MU,37708,AFRINIC-MAIN,0,0,17
TN,37709,Cloud-Temple,0,0,0
BW,37711,SeaBreeze,0.4815,0.8765,81
MW,37712,Malswitch,0,0,22
NG,37714,BITFLUX,0.5579,0.8947,475
LY,39356,AVANTI-UK-AS,0.2817,0.4507,71
KE,39356,AVANTI-UK-AS,0,0,40
TZ,39356,AVANTI-UK-AS,0,0,7
NA,39356,AVANTI-UK-AS,0,0,6
ZA,39832,NO-OPERA,0.9714,0,140
ZA,40676,40676 - Psychz Networks,0.3293,0.2439,82
GH,41264,GOOGLE-IT-RO-ISP,0.9559,1,1248
MZ,42235,IDC-AS Intra Data Communication,0.1228,0.6875,464
CD,43076,LU-AS,0,0,7
ZA,43256,KIN-AS,0,0,1
CD,43256,KIN-AS,0.13,0.0448,223
ZA,44444,FORCEPOINT-CLOUD-AS,0.0154,0.2,65
ZA,4809,CHINATELECOM-CORE-WAN-CN2 China Telecom Next Generation Carrier Network,0.1744,0.6228,281
ZA,49362,DSV,0,0,22
RE,49902,SRR-AS,0.0241,0.0312,4651
YT,49902,SRR-AS,0.084,0.0916,131
RE,51110,IDOMTECHNOLOGIES-AS,0.1455,0.6545,55
MU,51110,IDOMTECHNOLOGIES-AS,0,0,15
ZA,51964,ORANGE-BUSINESS-SERVICES-IPSN-ASN,0,0,16
EG,51964,ORANGE-BUSINESS-SERVICES-IPSN-ASN,0,0,1
MA,51964,ORANGE-BUSINESS-SERVICES-IPSN-ASN,0,0,1
ZA,53889,"MICFO - Micfo, LLC.",0,0,8
TN,5438,ATI-,0.8933,0.9166,93078
ZA,55933,CLOUDIE-AS-AP Cloudie Limited,0,0,1
ZW,56696,LIQUID-MPLS,0.0812,0.1595,16500
ZA,5713,SAIX-NET,0.8527,0.2364,8747
KE,5713,SAIX-NET,0.8561,0.9394,132
ZA,5734,TIENET,0,0,10
ZA,61092,SA123NET,0.0267,0.0467,150
ZA,61138,ZAPPIE-HOST-AS Zappie Host,0,0,2
EG,6127,IDSC,0,0,21
ZA,61317,DETUK httpwww.host1plus.com,0.0255,0.0102,196
ZA,61440,Digital Energy Technologies Chile SpA,0,0,5
MU,65510,-Private Use AS-,0.0014,0.0427,2083
MA,6713,IAM-AS,0.0187,0.0373,556849
EG,6879,ENSTINET-,0.159,0.3569,283
ZA,6968,ZACR,0,0,1
ZA,7020,QDATA-AS,0.1608,0.7273,143
ZA,7154,FDDNET-ASN,0,0,10
ZM,7420,ZAMNET-AS,0.1097,0.2968,155
ZA,8094,PUKNET,0.0376,0.0395,532
RE,8228,CEGETEL-AS,0.0182,0.0217,2534
YT,8228,CEGETEL-AS,0.0164,0.0176,8
SN,8346,SONATEL-AS Autonomous System,0.0218,0.042,132467
CD,8452,TE-AS TE-AS,0,0,4
EG,8452,TE-AS TE-AS,0.6352,0.755,370706
NG,8452,TE-AS TE-AS,0.0635,0.0952,63
EG,8524,eg-auc,0.0341,0.0483,352
EG,9009,M247,0,0,23
MA,9009,M247,0,0,1
KE,9129,KE-NET2000,0.2196,0.6905,378
